2026-07-17 17:31:49.878563,SELL,63229.79,0.0,0.0
2026-07-17 17:31:56.326787,BUY,63228.01,100.0,0.00158157753185653
2026-07-17 17:32:02.465322,SELL,63229.99,10.000313152351307,0.000158157753185653
2026-07-17 17:32:02.790140,SELL,63237.99,9.001420572939113,0.0001423419778670877
2026-07-17 17:32:04.799104,BUY,63230.01,91.90017337252904,0.0014534265196625626
2026-07-17 17:32:10.094323,BUY,63223.71,82.71015603527614,0.001308214213232285
2026-07-17 17:32:10.707693,BUY,63194.0,74.43914043174853,0.0011779463308502157
2026-07-17 17:32:10.906540,BUY,63142.27,66.99522638857367,0.0010610202387176398
2026-07-17 17:32:11.059834,BUY,63139.37,60.2957037497163,0.0009549620743716052
2026-07-17 17:32:11.193413,BUY,63130.77,54.266133374744676,0.0008595829478199724
2026-07-17 17:32:11.521737,BUY,63115.76,48.839520037270205,0.0007738086341235565
2026-07-17 17:32:13.329730,SELL,63121.06,55.98862487458774,0.0008870038759581627
2026-07-17 17:32:14.948296,BUY,63118.25,49.55443052100196,0.0007851046333033942
2026-07-17 17:32:15.086952,BUY,63115.76,44.59898746890176,0.0007066220460452628
2026-07-17 17:32:15.813501,SELL,63121.82,59.80641939208449,0.0009474761562972122
2026-07-17 17:32:17.446170,SELL,63127.99,53.83103878797196,0.000852728540667491
2026-07-17 17:32:19.773307,SELL,63130.0,48.44947749510484,0.0007674556866007419
2026-07-17 17:32:19.819219,SELL,63138.0,43.610055426537876,0.0006907101179406677
2026-07-17 17:32:21.238160,SELL,63148.0,39.255266274945555,0.000621639106146601
2026-07-17 17:32:21.914451,SELL,63151.99,35.33197195348117,0.0005594751955319408
2026-07-17 17:32:22.913359,SELL,63153.99,31.799781813485012,0.0005035276759787468
2026-07-17 17:32:23.057554,SELL,63155.6,28.620533243739,0.000453174908380872
2026-07-17 17:32:23.884828,SELL,63159.55,25.760090956164397,0.0004078574175427848
2026-07-17 17:32:32.457208,SELL,63184.32,23.19317422595724,0.0003670716757885064
2026-07-17 17:32:32.614029,SELL,63206.62,20.88122393189459,0.0003303645082096557
2026-07-17 17:32:32.766075,SELL,63214.34,18.795396911308167,0.0002973280573886901
2026-07-17 17:32:32.925788,SELL,63215.99,16.916298752342577,0.00026759525164982113
2026-07-17 17:32:34.823528,BUY,63213.0,84.76416163851327,0.0013409292651592754
2026-07-17 17:32:35.814348,BUY,63212.26,76.28774547466195,0.0012068504665813553
2026-07-17 17:32:39.934912,BUY,63210.0,68.65897092719574,0.0010862042545039668
2026-07-17 17:32:41.152495,BUY,63204.01,61.793073834476175,0.0009776764770854914
2026-07-17 17:32:41.296850,BUY,63202.29,55.61376645102855,0.0008799327753951408
2026-07-17 17:32:43.635848,BUY,63198.0,50.0523898059257,0.0007919932562094639
2026-07-17 17:32:43.791476,BUY,63196.01,45.04715082533313,0.0007128163759916666
2026-07-17 17:32:51.863721,BUY,63194.01,40.54243574279982,0.0006415550420490774
2026-07-17 17:33:01.913060,SELL,63198.39,63.49109446710297,0.001004631517782383
2026-07-17 17:33:02.050713,SELL,63201.99,57.14524002651028,0.0009041683660041445
2026-07-17 17:33:02.229655,SELL,63203.99,51.43234352691807,0.0008137515294037302
2026-07-17 17:33:03.301846,SELL,63209.99,46.29350343248504,0.0007323763764633571
2026-07-17 17:33:12.282135,SELL,63212.52,41.66582071024574,0.0006591387388170214
2026-07-17 17:33:12.420641,SELL,63213.99,37.500110679772625,0.0005932248649353193
2026-07-17 17:33:16.046873,SELL,63216.0,33.75117275557603,0.0005339023784417873
2026-07-17 17:33:17.823215,SELL,63219.99,30.377972723459404,0.00048051214059760853
2026-07-17 17:33:20.923986,SELL,63226.18,27.342852384248733,0.00043246092653784766
2026-07-17 17:33:21.546949,SELL,63228.0,24.609275516821526,0.00038921483388406285
2026-07-17 17:33:21.723203,SELL,63229.99,22.14904504890686,0.0003502933504956566
2026-07-17 17:33:31.647689,SELL,63231.34,19.93456615043703,0.00031526401544609096
2026-07-17 17:33:32.214211,SELL,63232.0,17.9412968022185,0.00028373761390148184
2026-07-17 17:33:36.289369,SELL,63236.46,16.14830604477885,0.00025536385251133365
2026-07-17 17:33:36.630707,SELL,63237.99,14.533827076325874,0.0002298274672602003
2026-07-17 17:33:43.300285,SELL,63239.99,13.080858058134355,0.00020684472053418028
2026-07-17 17:33:43.592741,SELL,63242.0,11.773146434420365,0.00018616024848076224
2026-07-17 17:33:44.204198,SELL,63258.92,10.598666639242193,0.000167544223632686
2026-07-17 17:33:44.563624,SELL,63260.0,9.538962828303346,0.0001507898012694174
2026-07-17 17:33:50.952651,BUY,63258.93,91.41899829911064,0.0014451556214926595
2026-07-17 17:33:51.222753,BUY,63258.01,82.27709846919959,0.0013006589753487279
2026-07-17 17:33:51.994588,BUY,63245.88,74.04938862227962,0.0011708175872053583
2026-07-17 17:33:52.141765,BUY,63244.01,66.64444976005166,0.0010537669853643318
2026-07-17 17:33:52.293863,BUY,63242.93,59.98000478404649,0.0009484064824960908
2026-07-17 17:33:52.442541,BUY,63242.01,53.982004305641844,0.0008535782513181008
2026-07-17 17:33:52.741933,BUY,63240.01,48.583803875077656,0.0007682447215785964
2026-07-17 17:33:53.575190,BUY,63238.54,43.72542348756989,0.0006914363217046107
2026-07-17 17:34:00.590160,BUY,63228.52,39.352881138812904,0.0006223913059931327
2026-07-17 17:34:01.116800,BUY,63225.99,35.41759302493161,0.000560174589989522
2026-07-17 17:34:01.321381,BUY,63224.01,31.87583372243845,0.0005041729197885178
2026-07-17 17:34:02.079275,BUY,63222.01,28.688250350194604,0.00045376998216593563
2026-07-17 17:34:09.112538,SELL,63229.99,74.16676727728623,0.0011729681955870343
2026-07-17 17:34:13.769059,SELL,63231.99,66.75220189230966,0.0010556713760283309
2026-07-17 17:34:18.434607,SELL,63234.0,60.07889141259792,0.0009501042384254977
2026-07-17 17:34:25.743921,BUY,63230.01,45.91921137339452,0.0007262249582657747
2026-07-17 17:34:27.825680,BUY,63220.76,41.32729023605507,0.0006536980927792559
2026-07-17 17:34:32.052273,SELL,63224.0,62.7868768311194,0.000993086119687451
2026-07-17 17:34:32.334225,SELL,63225.99,56.50996776524781,0.0008937775077187057
2026-07-17 17:34:33.825806,SELL,63231.78,50.863628463315756,0.0008043997569468352
2026-07-17 17:34:45.699677,BUY,63229.03,54.210608518417864,0.0008573689730558552
2026-07-17 17:34:49.007180,BUY,63224.0,48.78954766657608,0.0007716934655601683
2026-07-17 17:34:49.272357,BUY,63222.01,43.91059289991847,0.0006945459801091182
2026-07-17 17:34:50.834268,BUY,63220.01,39.51953360992662,0.0006251111572099817
2026-07-17 17:34:56.666304,BUY,63219.16,35.56758024893396,0.0005626076058102315
2026-07-17 17:34:58.874199,BUY,63218.01,32.01082222404056,0.0005063560561941219
2026-07-17 17:35:00.908362,BUY,63214.01,28.809740001636506,0.0004557492872487682
2026-07-17 17:35:01.291541,BUY,63212.0,25.928766001472855,0.00041018740114966867
2026-07-17 17:35:01.528624,BUY,63210.0,23.33588940132557,0.0003691803417390535
2026-07-17 17:35:03.080058,BUY,63208.0,21.002300461193013,0.000332272820864337
2026-07-17 17:35:03.644600,BUY,63206.01,18.90207041507371,0.00029905495403164523
2026-07-17 17:35:05.224463,BUY,63204.0,17.01186337356634,0.0002691580180616154
2026-07-17 17:35:06.601147,SELL,63207.7,84.65333860145708,0.0013392883873556082
2026-07-17 17:35:08.129859,BUY,63204.01,23.776010896355412,0.00037617883574721624
2026-07-17 17:35:08.763130,BUY,63202.01,21.39840980671987,0.00033857166578594365
2026-07-17 17:35:09.011663,BUY,63200.01,19.258568826047885,0.0003047241420697225
2026-07-17 17:35:11.677288,SELL,63201.93,82.62432632289226,0.0013073070129803355
2026-07-17 17:35:12.308325,SELL,63203.99,74.36431743780508,0.0011765763116823019
2026-07-17 17:35:15.725074,SELL,63205.99,66.93000353138561,0.0010589186805140718
2026-07-17 17:35:18.872798,BUY,63204.01,39.724576672651395,0.0006285135495778099
2026-07-17 17:35:19.067146,BUY,63202.01,35.752119005386255,0.0005656800947530981
2026-07-17 17:35:20.193324,BUY,63200.01,32.17690710484763,0.0005091281964171783
2026-07-17 17:35:20.837035,BUY,63198.01,28.959216394362866,0.00045822987771866337
2026-07-17 17:35:27.461925,SELL,63199.99,73.89228971653041,0.0011691819843093396
2026-07-17 17:35:28.705911,SELL,63201.99,66.50516527244913,0.0010522637858784057
2026-07-17 17:35:42.201195,SELL,63203.99,59.8565428200188,0.0009470374072905651
2026-07-17 17:35:44.644929,SELL,63213.95,53.87937778133587,0.0008523336665615085
2026-07-17 17:35:46.134371,SELL,63216.0,48.49301255881709,0.0007671002999053577
2026-07-17 17:35:46.313498,SELL,63226.25,43.65078780320201,0.0006903902699148219
2026-07-17 17:35:46.647526,SELL,63227.99,39.28679017404449,0.0006213512429233397
2026-07-17 17:35:51.842505,SELL,63232.0,35.360353613275755,0.0005592161186310057
2026-07-17 17:35:52.377590,SELL,63238.45,31.82756450151683,0.0005032945067679051
2026-07-17 17:36:03.196471,SELL,63240.0,28.645510147202092,0.00045296505609111466
2026-07-17 17:36:03.371408,SELL,63246.0,25.783405143784773,0.00040766855048200316
2026-07-17 17:36:09.668624,BUY,63242.01,76.7813747081443,0.0012140881465997728
2026-07-17 17:36:11.831337,SELL,63254.88,30.888022718720848,0.0004883105100937801
2026-07-17 17:36:12.305346,SELL,63255.99,27.79970826904835,0.0004394794590844021
2026-07-17 17:36:13.020183,SELL,63264.22,25.022992666496954,0.0003955315131759619
2026-07-17 17:36:13.188751,SELL,63267.99,22.522035438271462,0.0003559783618583657
2026-07-17 17:36:13.360820,SELL,63275.05,20.272093780955565,0.00032038052567252915
2026-07-17 17:36:16.003357,BUY,63272.01,81.75372252467919,0.001292099342579431
2026-07-17 17:36:16.886285,BUY,63266.19,73.57835027221127,0.0011629963851499713
2026-07-17 17:36:17.078274,BUY,63264.01,66.22051524499014,0.0010467328145179248
2026-07-17 17:36:18.030283,BUY,63258.01,59.598463720491125,0.0009421488870815115
2026-07-17 17:36:19.509996,BUY,63256.01,53.63861734844201,0.00084796080796816
2026-07-17 17:36:20.706833,BUY,63254.01,48.274755613597804,0.0007631888573324886
2026-07-17 17:36:20.893424,BUY,63250.01,43.44728005223803,0.0006869134100095483
2026-07-17 17:36:21.753895,SELL,63267.99,60.898383827709644,0.00096254652356918
2026-07-17 17:36:23.616184,SELL,63269.99,54.810278028681104,0.000866291871212262
2026-07-17 17:36:23.962883,SELL,63275.04,49.33318752236766,0.0007796626840910359
2026-07-17 17:36:24.839645,SELL,63285.45,44.40717342981814,0.0007016964156819323
2026-07-17 17:36:30.703750,BUY,63282.91,60.04745432787188,0.0009488731527654445
2026-07-17 17:36:37.363757,SELL,63286.0,45.97184206115348,0.0007264140893902835
2026-07-17 17:36:37.723011,SELL,63288.0,41.37596540039904,0.0006537726804512552
2026-07-17 17:36:42.889246,SELL,63289.99,37.23953976722982,0.0005883954124061297
2026-07-17 17:36:49.922207,BUY,63286.0,66.50144361796293,0.0010508081347843589
2026-07-17 17:36:50.353587,BUY,63280.37,59.85129925616664,0.0009458114618509126
2026-07-17 17:36:50.596303,BUY,63277.84,53.86616933054998,0.0008512643498980051
2026-07-17 17:36:50.853473,BUY,63275.04,48.479552397494984,0.0007661718174732878
2026-07-17 17:36:52.840965,BUY,63260.47,43.63159715774548,0.0006897134522988129
2026-07-17 17:36:55.457259,BUY,63258.01,39.26843744197093,0.0006207662467088504
2026-07-17 17:36:55.992854,BUY,63256.01,35.34159369777384,0.0005587072864345038
2026-07-17 17:36:56.718855,BUY,63252.01,31.807434327996454,0.0005028683567209399
2026-07-17 17:36:59.778990,BUY,63250.01,28.626690895196806,0.00045259583192471914
2026-07-17 17:37:00.321096,BUY,63246.01,25.764021805677125,0.0004073620107525696
2026-07-17 17:37:03.165517,SELL,63249.02,76.79460507316523,0.0012141627660502128
2026-07-17 17:37:03.512415,SELL,63253.99,69.12057551590125,0.0010927464894451915
2026-07-17 17:37:08.966884,SELL,63255.76,62.21025870946882,0.0009834718405006724
2026-07-17 17:37:10.077627,SELL,63263.9,55.99643775322544,0.0008851246564506052
2026-07-17 17:37:11.768650,SELL,63266.0,50.39846686350359,0.0007966121908055447
2026-07-17 17:37:15.719021,SELL,63274.07,45.36440597149505,0.0007169509717249902
2026-07-17 17:37:16.019527,SELL,63275.62,40.8289655209511,0.0006452558745524912
2026-07-17 17:37:22.249441,SELL,63277.22,36.746998137315344,0.000580730287097242
2026-07-17 17:37:22.599831,SELL,63279.22,33.07334363810059,0.0005226572583875178
2026-07-17 17:37:35.325685,BUY,63275.4,70.24102534342207,0.0011100842561788953
2026-07-17 17:37:36.072580,BUY,63274.01,63.21692280907986,0.0009990977782043506
2026-07-17 17:37:36.227677,BUY,63268.02,56.89523052817188,0.000899273132432023
2026-07-17 17:37:39.059316,BUY,63266.0,51.20570747535469,0.0008093716605341683
2026-07-17 17:37:39.204796,BUY,63264.01,46.08513672781922,0.000728457407739712
2026-07-17 17:37:41.258161,BUY,63262.01,41.476623055037294,0.000655632393833792
2026-07-17 17:37:59.494372,SELL,63267.99,62.672207703333044,0.0009905831954410602
2026-07-17 17:37:59.707680,SELL,63271.75,56.40833906653311,0.0008915248758969541
2026-07-17 17:38:01.413180,BUY,63269.82,49.23701542652018,0.0007782069780903467
2026-07-17 17:38:02.722762,BUY,63262.21,44.31331388386816,0.00070047053183675
2026-07-17 17:38:03.229920,SELL,63263.52,60.11553605740634,0.0009502401392999685
2026-07-17 17:38:03.394215,SELL,63266.05,54.10614614846289,0.0008552161253699716
2026-07-17 17:38:05.127266,SELL,63273.42,48.70120418217618,0.0007696945128329743
2026-07-17 17:38:07.565820,SELL,63282.0,43.83702734498665,0.0006927250615496769
2026-07-17 17:38:10.461585,SELL,63283.99,39.45456528107322,0.0006234525553947092
2026-07-17 17:38:12.414122,SELL,63285.98,35.51022535649261,0.0005611072998552382
2026-07-17 17:38:14.740287,SELL,63287.99,31.960217863948788,0.0005049965698697144
2026-07-17 17:38:15.539137,SELL,63296.33,28.767986581807346,0.0004544969128827429
2026-07-17 17:38:16.350247,SELL,63297.99,25.89186694201446,0.00040904722159446863
2026-07-17 17:38:18.501825,SELL,63299.99,23.303416532811884,0.0003681424994350218
2026-07-17 17:38:20.257394,BUY,63298.27,79.04680172459938,0.0012487987700864397
2026-07-17 17:38:24.726541,BUY,63296.0,71.14212155213943,0.0011239592004572078
2026-07-17 17:38:31.506851,SELL,63296.81,35.990822299446,0.0005686040465458844
2026-07-17 17:38:34.004081,BUY,63294.01,67.6269916268701,0.0010684580045863753
2026-07-17 17:38:34.176858,BUY,63283.68,60.86429246418308,0.0009617691712015338
2026-07-17 17:38:40.135907,BUY,63280.01,54.77786321776477,0.0008656424551412803
2026-07-17 17:38:43.481100,BUY,63275.4,49.30007689598829,0.0007791349702410145
2026-07-17 17:39:00.770869,SELL,63277.99,55.63679949444123,0.0008792441020083165
2026-07-17 17:39:01.635960,SELL,63291.21,50.0835807913228,0.0007913196918074849
2026-07-17 17:39:01.969842,SELL,63292.9,45.07642630944176,0.0007121877226267363
2026-07-17 17:39:02.596910,BUY,63289.55,59.44974986591004,0.0009393296344484996
2026-07-17 17:39:06.066021,BUY,63286.0,53.504774879319044,0.0008454440931536049
2026-07-17 17:39:06.533708,BUY,63280.01,48.15429739138714,0.0007609717095712712
2026-07-17 17:39:07.779332,BUY,63278.01,43.338867652248425,0.0006848961851399629
2026-07-17 17:39:08.104298,BUY,63276.01,39.00498088702358,0.0006164260497307523
2026-07-17 17:39:08.270884,BUY,63275.05,35.10448279832122,0.0005547918618526768
2026-07-17 17:39:08.790652,BUY,63270.01,31.5940345184891,0.0004993524502128117
2026-07-17 17:39:09.437354,BUY,63268.0,28.434631066640193,0.000449431483003101
2026-07-17 17:39:12.088802,SELL,63272.0,74.40997877255032,0.0011760332970753306
2026-07-17 17:39:12.713290,SELL,63273.99,66.97108717093035,0.0010584299673677975
2026-07-17 17:39:13.896109,SELL,63275.99,60.27588362777857,0.0009525869706310177
2026-07-17 17:39:14.241209,SELL,63282.0,54.25344780792485,0.0008573282735679158
2026-07-17 17:39:19.491647,BUY,63278.01,51.18220769789458,0.000808846670397735
2026-07-17 17:39:22.331556,SELL,63281.99,53.94663800194218,0.0008524801132508979
2026-07-17 17:39:23.566570,BUY,63276.01,51.45865072829935,0.0008132410802814423
2026-07-17 17:39:24.692116,BUY,63275.05,46.31278565546941,0.0007319280767928182
2026-07-17 17:39:35.754562,BUY,63270.07,41.68150708992247,0.0006587871182997342
2026-07-17 17:39:39.049075,SELL,63279.81,62.49689507116317,0.0009876277294632075
2026-07-17 17:39:46.975634,BUY,63277.26,43.76304588804654,0.0006916077890864197
2026-07-17 17:39:47.128083,BUY,63276.01,39.38674129924189,0.0006224593064455532
2026-07-17 17:39:55.906413,SELL,63277.61,64.560352579633,0.001020271666070084
2026-07-17 17:40:03.034851,BUY,63276.06,41.904102427281,0.0006622425989747308
2026-07-17 17:40:03.875043,BUY,63275.05,37.7136921845529,0.000596027852756385
2026-07-17 17:40:12.288742,SELL,63276.65,66.0653497049034,0.0010440715446361872
2026-07-17 17:40:15.705607,BUY,63275.05,40.54885793658795,0.0006408348620283659
2026-07-17 17:40:17.128120,BUY,63272.0,36.493972142929145,0.0005767791778816719
2026-07-17 17:40:20.561644,BUY,63268.79,32.844574928636234,0.0005191275971713104
2026-07-17 17:40:22.614531,BUY,63264.01,29.56011743577261,0.0004672501385190823
2026-07-17 17:40:31.499204,BUY,63257.68,26.60410569219535,0.00042056720531317857
2026-07-17 17:40:31.655229,BUY,63256.89,23.943695122975814,0.0003785152119077592
2026-07-17 17:40:32.524132,BUY,63254.0,21.549325610678235,0.0003406792552356884
2026-07-17 17:40:34.834145,SELL,63254.88,80.58923055128254,0.0012740397349782742
2026-07-17 17:40:45.849335,SELL,63256.88,72.53260076767725,0.0011466357614804469
2026-07-17 17:40:54.372093,BUY,63254.89,34.706576181506385,0.0005486781524955049
2026-07-17 17:40:54.550638,BUY,63252.01,31.235918563355753,0.0004938328214922459
2026-07-17 17:40:58.634297,BUY,63250.0,28.112326707020173,0.0004444636633520976
2026-07-17 17:40:59.280017,BUY,63249.02,25.30109403631816,0.00040002349500937973
2026-07-17 17:40:59.710533,BUY,63248.0,22.770984632686343,0.000360026951566632
2026-07-17 17:41:00.512750,BUY,63244.0,20.493886169417706,0.0003240447500066047
2026-07-17 17:41:01.266939,BUY,63242.01,18.444497552475934,0.00029164945188294827
2026-07-17 17:41:01.545726,BUY,63235.55,16.600047797228342,0.00026251132151500765
2026-07-17 17:41:01.821495,BUY,63234.43,14.94004301750551,0.00023626437397325332
2026-07-17 17:41:01.997537,BUY,63233.32,13.446038715754959,0.0002126416692300034
2026-07-17 17:41:03.350953,BUY,63228.01,12.101434844179463,0.00019139357452779967
2026-07-17 17:41:07.878862,BUY,63226.01,10.891291359761517,0.00017225966591536483
2026-07-17 17:41:08.294528,BUY,63211.3,9.802162223785366,0.00015506977745728003
2026-07-17 17:41:08.667582,SELL,63214.63,91.10860082421458,0.0014412581521748144
2026-07-17 17:41:19.961963,BUY,63212.66,17.932806083828286,0.0002836901039100124
2026-07-17 17:41:20.302321,BUY,63210.48,16.139525475445456,0.00025532989902062844
2026-07-17 17:41:25.321423,BUY,63208.01,14.52557292790091,0.0002298058889672513
2026-07-17 17:41:25.679881,BUY,63200.01,13.073015635110819,0.00020685148048411414
2026-07-17 17:41:38.076035,BUY,63199.3,11.765714071599737,0.0001861684238844376
2026-07-17 17:41:47.350475,SELL,63199.99,89.32161499493822,0.0014133169165839775
2026-07-17 17:42:00.543653,BUY,63198.01,19.521304163933586,0.00030889112115925146
2026-07-17 17:42:00.870182,BUY,63196.01,17.569173747540226,0.0002780108071307069
2026-07-17 17:42:02.336623,SELL,63198.0,84.09602505125368,0.0013306754177545756
2026-07-17 17:42:02.545228,SELL,63200.0,75.68881776188026,0.001197607875979118
2026-07-17 17:42:08.368349,BUY,63199.26,31.790740654099597,0.0005030239381616113
2026-07-17 17:42:08.867138,BUY,63198.01,28.61166658868964,0.0004527304987718702
2026-07-17 17:42:26.865882,BUY,63192.01,25.750499929820677,0.0004074961364549201
2026-07-17 17:42:29.946850,BUY,63191.09,23.17544993683861,0.00036675186227739723
2026-07-17 17:42:30.502636,BUY,63190.0,20.85790494315475,0.0003300823697286715
2026-07-17 17:42:33.428028,BUY,63187.93,18.77211444883927,0.0002970838647323828
2026-07-17 17:42:34.211493,BUY,63171.93,16.894903003955346,0.00026744319833121047
2026-07-17 17:42:35.481477,BUY,63168.4,15.205412703559814,0.0002407123293222531
2026-07-17 17:42:35.647841,BUY,63166.36,13.684871433203833,0.00021664809295966766
2026-07-17 17:42:36.187627,BUY,63163.31,12.31638428988345,0.00019499269892416104
2026-07-17 17:42:36.634328,BUY,63160.0,11.084745860895104,0.00017550262604330437
2026-07-17 17:42:38.649599,BUY,63158.01,9.976271274805596,0.00015795734024560932
2026-07-17 17:42:39.071658,SELL,63159.99,90.88025173506065,0.001438889583976512
2026-07-17 17:42:39.540021,SELL,63162.75,81.79580076328119,0.0012950006255788608
2026-07-17 17:42:42.003257,SELL,63163.99,73.61766590765122,0.0011655005630209748
2026-07-17 17:42:43.726035,SELL,63165.99,66.25799721789953,0.0010489505067188772
2026-07-17 17:42:45.734625,SELL,63171.94,59.63781462607306,0.0009440554560469895
2026-07-17 17:42:47.115056,SELL,63174.47,53.67618277773918,0.0008496499104422906
2026-07-17 17:42:49.008881,SELL,63176.0,48.309734467891936,0.0007646849193980615
2026-07-17 17:42:49.206797,SELL,63176.99,43.479442355365926,0.0006882164274582554
2026-07-17 17:42:53.349352,SELL,63179.53,39.1330713825825,0.0006193947847124298
2026-07-17 17:42:53.567344,SELL,63183.99,35.222250494990085,0.0005574553062411868
2026-07-17 17:42:54.193114,SELL,63185.21,31.70063753141733,0.0005017097756170681
2026-07-17 17:42:54.394562,SELL,63185.99,28.530925978538075,0.00045153879805536124
2026-07-17 17:42:55.036628,SELL,63187.99,25.67864615052077,0.00040638491824982517
2026-07-17 17:42:55.996633,SELL,63189.34,23.111275293144363,0.0003657464264248426
2026-07-17 17:42:57.297867,SELL,63189.99,20.800361725489385,0.00032917178378235836
2026-07-17 17:42:59.685464,SELL,63196.0,18.722106043118927,0.00029625460540412253
